Workbook

Sheet Teste 1
A1: Nome | B1: Nota
A2: ALAN DAVID SANTOS
A3: ALLAN YUKIO FURUHASHI MELO | B3: 10
A4: AMON CHALEGRE GOMES VANDERLEI
A5: ANDRÉ FELIPE FURRIEL OLIVEIRA | B5: 1
A6: ANIZIO SILVA CORREIA JÚNIOR | B6: 9
A7: ARTHUR BARBOSA PINHEIRO | B7: 1
A8: CARLOS EDUARDO MACHADO DOS SANTOS | B8: 6.5
A9: CARLOS EDUARDO ROCHA DE PAULA | B9: 10
A10: CRISTIANE MAGARINOS SAMPAIO | B10: 10
A11: DANIEL RODRIGUES SERQUEIRA | B11: 9.5
A12: DANIELA DE MENEZES MORAES | B12: 10
A13: DAVI BEZERRA LEAL GUIMARÃES | B13: 10
A14: DAVI PESTANA DE CAMPOS
A15: DULCE MARIA DE ALMEIDA COSTA | B15: 10
A16: EMILLY VITÓRIA LEITE REZENDE | B16: 10
A17: FELIPE BECKER FROHLICH | B17: 10
A18: FELIPE LERIA DE OLIVEIRA | B18: 10
A19: FELIPE LIMA DE SOUSA | B19: 10
A20: FELIPE RIBEIRO MENDONÇA | B20: 10
A21: GABRIEL COLATUSSO CASTRO DA CRUZ | B21: 10
A22: GABRIEL FALCÃO MARTINEZ | B22: 10
A23: GABRIEL KRAUSS DE SANTANA DIAS | B23: 10
A24: GABRIELA NAOMI ICHICAWA OGIDO | B24: 10
A25: GUILHERME OSÉIAS PEREIRA DA SILVA | B25: 0
A26: GUILHERME WILLEMEN PIMENTEL DE CASTRO
A27: HEITOR ALVES BRAZUNA | B27: 10
A28: HEITOR RAMOS PEREIRA | B28: 10
A29: Huann Vicente | B29: 9
A30: INGRID SILVA CARVALHO | B30: 10
A31: ITALO RENNAN DE ABREU SOUZA | B31: 10
A32: JONAS ARAUJO ALVES | B32: 10
A33: JOSÉ ARMANDO SILVA DUARTE | B33: 10
A34: JOSÉ RAFAEL FREITAS DE MELO | B34: 10
A35: JOSIETE MORAIS SANTOS SILVA
A36: JUAN MARTINS SANTOS | B36: 10
A37: JULIA QUIUQUI FONSECA | B37: 8
A38: KAUÃ MATTES REICHERT | B38: 10
A39: KAYKY LOPES TEIXEIRA MARTINS | B39: 10
A40: KENZO NAGAMINE | B40: 10
A41: LISANDRA MENEZES FAGUNDES | B41: 10
A42: LUANA FAGUNDES DE LIMA | B42: 8
A43: LUANA MOGNON DA SILVA | B43: 10
A44: LUCA SEIKI PEREIRA FUJII | B44: 10
A45: LUCAS CÚRI CORAZZA | B45: 9.5
A46: LUCAS DA SILVA OLIVEIRA | B46: 10
A47: LUCAS FRAGA DAMASCENO
A48: LUCAS MOURÃO CERQUEIRA E SILVA | B48: 10
A49: LUCAS RODRIGUES CARACAS CARLOS | B49: 7
A50: LUCAS VIEIRA SILVA | B50: 9
A51: LUCCA MOULIN CRUZ | B51: 6.5
A52: LUÍSA DE SOUZA QUERIDO COSTA | B52: 8
A53: MANUELA ABATI BORDEAUX RONCONI | B53: 10
A54: MARCELLA DECEMBRINO DE SOUZA
A55: MARCELO AUGUSTO VIEIRA LOPES | B55: 10
A56: MARCELO MIGUEL ALVES DA SILVA | B56: 10
A57: MARIA IZABELLE SOUSA DA SILVA | B57: 10
A58: MARIANA TIEMI YOSHIOKA | B58: 9
A59: MATEUS ALMEIDA OLIVEIRA | B59: 10
A60: MATEUS BANDEIRA DE MELLO TORRES | B60: 10
A61: MATEUS MUNDSTOCK MENDES DE CARVALHO | B61: 10
A62: MATEUS STACOVIAKI GALVÃO | B62: 10
A63: MICAELE MAGALHÃES BRANDÃO VERAS | B63: 10
A64: NATÁLIA BRANDÃO DE SOUSA
A65: NATAN GABRIEL SPOHR | B65: 10
A66: NICOLE MARIA FERREIRA FREIRE | B66: 10
A67: PEDRO PAULO GOMES PAIVA | B67: 10
A68: RAFAEL AUGUSTO DE ALMEIDA | B68: 10
A69: RHUAN SOLER DE ALMEIDA
A70: RYAN CARVALHO PEREIRA DOS SANTOS | B70: 10
A71: RYAN KEVIN DA COSTA FELINTO | B71: 0
A72: SAMUEL BEZERRA DE HOLANDA LEITE | B72: 7
A73: SÉRGIO TEIXEIRA ROSA | B73: 10
A74: Sofia Cruz Guaranho | B74: 8
A75: THEO VEIGA DRUMOND AMBRÓSIO | B75: 10
A76: THIERRY VENTURA MARCOLINO DA SILVA | B76: 8
A77: TIAGO SÁNCHEZ RIBEIRO | B77: 10
A78: VINÍCIUS FLESCH KERN | B78: 8
A79: YASMIN DE BARROS DA SILVA | B79: 8.5

Sheet Teste 2
A1: Nome | B1: Nota
A2: ALAN DAVID SANTOS
A3: ALLAN YUKIO FURUHASHI MELO | B3: 10
A4: AMON CHALEGRE GOMES VANDERLEI
A5: ANDRÉ FELIPE FURRIEL OLIVEIRA | B5: 7.5
A6: ANIZIO SILVA CORREIA JÚNIOR | B6: 9
A7: ARTHUR BARBOSA PINHEIRO | B7: 9
A8: CARLOS EDUARDO MACHADO DOS SANTOS | B8: 9
A9: CARLOS EDUARDO ROCHA DE PAULA | B9: 10
A10: CRISTIANE MAGARINOS SAMPAIO | B10: 10
A11: DANIEL RODRIGUES SERQUEIRA | B11: 10
A12: DANIELA DE MENEZES MORAES | B12: 9.5
A13: DAVI BEZERRA LEAL GUIMARÃES | B13: 10
A14: DAVI PESTANA DE CAMPOS
A15: DULCE MARIA DE ALMEIDA COSTA | B15: 10
A16: EMILLY VITÓRIA LEITE REZENDE | B16: 10
A17: FELIPE BECKER FROHLICH | B17: 9
A18: FELIPE LERIA DE OLIVEIRA | B18: 10
A19: FELIPE LIMA DE SOUSA | B19: 7.5
A20: FELIPE RIBEIRO MENDONÇA | B20: 9
A21: GABRIEL COLATUSSO CASTRO DA CRUZ | B21: 10
A22: GABRIEL FALCÃO MARTINEZ | B22: 10
A23: GABRIEL KRAUSS DE SANTANA DIAS | B23: 10
A24: GABRIELA NAOMI ICHICAWA OGIDO | B24: 9
A25: GUILHERME OSÉIAS PEREIRA DA SILVA | B25: 10
A26: GUILHERME WILLEMEN PIMENTEL DE CASTRO
A27: HEITOR ALVES BRAZUNA | B27: 10
A28: HEITOR RAMOS PEREIRA | B28: 10
A29: Huann Vicente | B29: 9
A30: INGRID SILVA CARVALHO | B30: 10
A31: ITALO RENNAN DE ABREU SOUZA | B31: 10
A32: JONAS ARAUJO ALVES | B32: 8
A33: JOSÉ ARMANDO SILVA DUARTE | B33: 9.5
A34: JOSÉ RAFAEL FREITAS DE MELO | B34: 9
A35: JOSIETE MORAIS SANTOS SILVA
A36: JUAN MARTINS SANTOS | B36: 10
A37: JULIA QUIUQUI FONSECA | B37: 10
A38: KAUÃ MATTES REICHERT | B38: 10
A39: KAYKY LOPES TEIXEIRA MARTINS | B39: 10
A40: KENZO NAGAMINE | B40: 10
A41: LISANDRA MENEZES FAGUNDES | B41: 10
A42: LUANA FAGUNDES DE LIMA | B42: 10
A43: LUANA MOGNON DA SILVA | B43: 8
A44: LUCA SEIKI PEREIRA FUJII | B44: 10
A45: LUCAS CÚRI CORAZZA | B45: 5
A46: LUCAS DA SILVA OLIVEIRA | B46: 9
A47: LUCAS FRAGA DAMASCENO | B47: 9
... A63: MICAELE MAGALHÃES BRANDÃO VERAS | B63: 8
A64: NATÁLIA BRANDÃO DE SOUSA
A65: NATAN GABRIEL SPOHR | B65: 9
A66: NICOLE MARIA FERREIRA FREIRE | B66: 10
A67: PEDRO PAULO GOMES PAIVA | B67: 10
A68: RAFAEL AUGUSTO DE ALMEIDA | B68: 10
A69: RHUAN SOLER DE ALMEIDA
A70: RYAN CARVALHO PEREIRA DOS SANTOS | B70: 10
A71: RYAN KEVIN DA COSTA FELINTO | B71: 7
A72: SAMUEL BEZERRA DE HOLANDA LEITE | B72: 10
A73: SÉRGIO TEIXEIRA ROSA | B73: 10
A74: Sofia Cruz Guaranho | B74: 6.5
A75: THEO VEIGA DRUMOND AMBRÓSIO | B75: 9
A76: THIERRY VENTURA MARCOLINO DA SILVA | B76: 10
A77: TIAGO SÁNCHEZ RIBEIRO | B77: 10
A78: VINÍCIUS FLESCH KERN | B78: 7.5
A79: YASMIN DE BARROS DA SILVA | B79: 10

Sheet Lista 1
A1: Nome | B1: Entrega | C1: Questão (Renato) | D1: Nota (Renato) | E1: Questão (Diego) | F1: Nota (Diego) | G1: Total
A2: ALAN DAVID SANTOS | B2: 0 | E2: =IF(B2=0,0,) -> 0 | F2: =IF(B2=0,0,) -> 0 | G2: =SUM(D2,F2) -> 0
A3: ALLAN YUKIO FURUHASHI MELO | B3: 1 | C3: Quatro | D3: 5 | E3: Oito | F3: 5 | G3: =SUM(D3,F3) -> 10
A4: AMON CHALEGRE GOMES VANDERLEI | B4: 0 | E4: =IF(B4=0,0,) -> 0 | F4: =IF(B4=0,0,) -> 0 | G4: =SUM(D4,F4) -> 0
A5: ANDRÉ FELIPE FURRIEL OLIVEIRA | B5: 1 | C5: Cinco | D5: 5 | E5: Oito | F5: 4.8 | G5: =SUM(D5,F5) -> 9.8
A6: ANIZIO SILVA CORREIA JÚNIOR | B6: 1 | C6: Um | D6: 5 | E6: Oito | F6: 5 | G6: =SUM(D6,F6) -> 10
A7: ARTHUR BARBOSA PINHEIRO | B7: 1 | C7: Três | D7: 5 | E7: Oito | F7: 5 | G7: =SUM(D7,F7) -> 10
A8: CARLOS EDUARDO MACHADO DOS SANTOS | B8: 1 | C8: Um | D8: 5 | E8: Oito | F8: 2 | G8: =SUM(D8,F8) -> 7
A9: CARLOS EDUARDO ROCHA DE PAULA | B9: 1 | C9: Dois | D9: 5 | E9: Oito | F9: 4.8 | G9: =SUM(D9,F9) -> 9.8
A10: CRISTIANE MAGARINOS SAMPAIO | B10: 1 | C10: Três | D10: 3 | E10: Oito | F10: 4.8 | G10: =SUM(D10,F10) -> 7.8
A11: DANIEL RODRIGUES SERQUEIRA | B11: 1 | C11: Cinco | D11: 5 | E11: Oito | F11: 5 | G11: =SUM(D11,F11) -> 10
A12: DANIELA DE MENEZES MORAES | B12: 1 | C12: Quatro | D12: 5 | E12: Oito | F12: 5 | G12: =SUM(D12,F12) -> 10
A13: DAVI BEZERRA LEAL GUIMARÃES | B13: 1 | C13: Cinco | D13: 5 | E13: Oito | F13: 5 | G13: =SUM(D13,F13) -> 10
A14: DAVI PESTANA DE CAMPOS | B14: 0 | E14: =IF(B14=0,0,) -> 0 | F14: =IF(B14=0,0,) -> 0 | G14: =SUM(D14,F14) -> 0
A15: DULCE MARIA DE ALMEIDA COSTA | B15: 1 | C15: Três | D15: 5 | E15: Oito | F15: 5 | G15: =SUM(D15,F15) -> 10
A16: EMILLY VITÓRIA LEITE REZENDE | B16: 1 | C16: Um | D16: 5 | E16: Oito | F16: 4.8 | G16: =SUM(D16,F16) -> 9.8
A17: FELIPE BECKER FROHLICH | B17: 1 | C17: Quatro | D17: 5 | E17: Oito | F17: 5 | G17: =SUM(D17,F17) -> 10
A18: FELIPE LERIA DE OLIVEIRA | B18: 1 | C18: Três | D18: 3 | E18: Oito | F18: 5 | G18: =SUM(D18,F18) -> 8
A19: FELIPE LIMA DE SOUSA | B19: 1 | C19: Dois | D19: 4 | E19: Oito | F19: 4.5 | G19: =SUM(D19,F19) -> 8.5
A20: FELIPE RIBEIRO MENDONÇA | B20: 1 | C20: Quatro | D20: 5 | E20: Oito | F20: 5 | G20: =SUM(D20,F20) -> 10
A21: GABRIEL COLATUSSO CASTRO DA CRUZ | B21: 1 | C21: Dois | D21: 5 | E21: Oito | F21: 2 | G21: =SUM(D21,F21) -> 7
A22: GABRIEL FALCÃO MARTINEZ | B22: 1 | C22: Cinco | D22: 5 | E22: Oito | F22: 5 | G22: =SUM(D22,F22) -> 10
A23: GABRIEL KRAUSS DE SANTANA DIAS | B23: 1 | C23: Quatro | D23: 5 | E23: Oito | F23: 4.8 | G23: =SUM(D23,F23) -> 9.8
A24: GABRIELA NAOMI ICHICAWA OGIDO | B24: 1 | C24: Um | D24: 5 | E24: Oito | F24: 4.8 | G24: =SUM(D24,F24) -> 9.8
A25: GUILHERME OSÉIAS PEREIRA DA SILVA | B25: 1 | C25: Cinco | D25: 4 | E25: Oito | F25: 5 | G25: =SUM(D25,F25) -> 9
A26: GUILHERME WILLEMEN PIMENTEL DE CASTRO | B26: 0 | E26: =IF(B26=0,0,) -> 0 | F26: =IF(B26=0,0,) -> 0 | G26: =SUM(D26,F26) -> 0
A27: HEITOR ALVES BRAZUNA | B27: 1 | C27: Dois | D27: 5 | E27: Oito | F27: 4.8 | G27: =SUM(D27,F27) -> 9.8
A28: HEITOR RAMOS PEREIRA | B28: 1 | C28: Cinco | D28: 5 | E28: Oito | F28: 5 | G28: =SUM(D28,F28) -> 10
A29: Huann Vicente | B29: 1 | C29: Quatro | D29: 5 | E29: Oito | F29: 5 | G29: =SUM(D29,F29) -> 10
A30: INGRID SILVA CARVALHO | B30: 1 | C30: Cinco | D30: 5 | E30: Oito | F30: 4.8 | G30: =SUM(D30,F30) -> 9.8
A31: ITALO RENNAN DE ABREU SOUZA | B31: 1 | C31: Um | D31: 5 | E31: Oito | F31: 5 | G31: =SUM(D31,F31) -> 10
A32: JONAS ARAUJO ALVES | B32: 1 | C32: Dois | D32: 5 | E32: Oito | F32: 4.5 | G32: =SUM(D32,F32) -> 9.5
A33: JOSÉ ARMANDO SILVA DUARTE | B33: 1 | C33: Cinco | D33: 5 | E33: Oito | F33: 4.8 | G33: =SUM(D33,F33) -> 9.8
A34: JOSÉ RAFAEL FREITAS DE MELO | B34: 1 | C34: Três | D34: 5 | E34: Oito | F34: 4.5 | G34: =SUM(D34,F34) -> 9.5
A35: JOSIETE MORAIS SANTOS SILVA | B35: 0 | E35: =IF(B35=0,0,) -> 0 | F35: =IF(B35=0,0,) -> 0 | G35: =SUM(D35,F35) -> 0
A36: JUAN MARTINS SANTOS | B36: 1 | C36: Um | D36: 5 | E36: Oito | F36: 5 | G36: =SUM(D36,F36) -> 10
A37: JULIA QUIUQUI FONSECA | B37: 1 | C37: Dois | D37: 5 | E37: Oito | F37: 5 | G37: =SUM(D37,F37) -> 10
A38: KAUÃ MATTES REICHERT | B38: 1 | C38: Cinco | D38: 5 | E38: Oito | F38: 5 | G38: =SUM(D38,F38) -> 10
A39: KAYKY LOPES TEIXEIRA MARTINS | B39: 1 | C39: Quatro | D39: 5 | E39: Oito | F39: 5 | G39: =SUM(D39,F39) -> 10
A40: KENZO NAGAMINE | B40: 1 | C40: Cinco | D40: 5 | E40: Oito | F40: 5 | G40: =SUM(D40,F40) -> 10
A41: LISANDRA MENEZES FAGUNDES | B41: 1 | C41: Três | D41: 5 | E41: Oito | F41: 5 | G41: =SUM(D41,F41) -> 10
A42: LUANA FAGUNDES DE LIMA | B42: 1 | C42: Um | D42: 5 | E42: Oito | F42: 5 | G42: =SUM(D42,F42) -> 10
A43: LUANA MOGNON DA SILVA | B43: 1 | C43: Quatro | D43: 5 | E43: Oito | F43: 4.8 | G43: =SUM(D43,F43) -> 9.8
A44: LUCA SEIKI PEREIRA FUJII | B44: 1 | C44: Dois | D44: 4.5 | E44: Oito | F44: 5 | G44: =SUM(D44,F44) -> 9.5
A45: LUCAS CÚRI CORAZZA | B45: 1 | C45: Quatro | D45: 5 | E45: Oito | F45: 5 | G45: =SUM(D45,F45) -> 10
A46: LUCAS DA SILVA OLIVEIRA | B46: 1 | C46: Quatro | D46: 5 | E46: Oito | F46: 5 | G46: =SUM(D46,F46) -> 10
A47: LUCAS FRAGA DAMASCENO | B47: 0 | E47: =IF(B47=0,0,) -> 0 | F47: =IF(B47=0,0,) -> 0 | G47: =SUM(D47,F47) -> 0
A48: LUCAS MOURÃO CERQUEIRA E SILVA | B48: 1 | C48: Um | D48: 5 | E48: Oito | F48: 5 | G48: =SUM(D48,F48) -> 10
A49: LUCAS RODRIGUES CARACAS CARLOS | B49: 1 | C49: Quatro | D49: 4 | E49: Oito | F49: 5 | G49: =SUM(D49,F49) -> 9
A50: LUCAS VIEIRA SILVA | B50: 1 | C50: Cinco | D50: 5 | E50: Oito | F50: 5 | G50: =SUM(D50,F50) -> 10
A51: LUCCA MOULIN CRUZ | B51: 1 | C51: Três | D51: 5 | E51: Oito | F51: 5 | G51: =SUM(D51,F51) -> 10
A52: LUÍSA DE SOUZA QUERIDO COSTA | B52: 1 | C52: Dois | D52: 5 | E52: Sete | F52: 3 | G52: =SUM(D52,F52) -> 8
A53: MANUELA ABATI BORDEAUX RONCONI | B53: 1 | C53: Dois | D53: 5 | E53: Oito | F53: 5 | G53: =SUM(D53,F53) -> 10
A54: MARCELLA DECEMBRINO DE SOUZA | B54: 1 | C54: Um | D54: 5 | E54: Oito | F54: 5 | G54: =SUM(D54,F54) -> 10
A55: MARCELO AUGUSTO VIEIRA LOPES | B55: 1 | C55: Dois | D55: 5 | E55: Oito | F55: 5 | G55: =SUM(D55,F55) -> 10
A56: MARCELO MIGUEL ALVES DA SILVA | B56: 1 | C56: Quatro | D56: 4.5 | E56: Oito | F56: 4.8 | G56: =SUM(D56,F56) -> 9.3
A57: MARIA IZABELLE SOUSA DA SILVA | B57: 1 | C57: Um | D57: 5 | E57: Oito | F57: 5 | G57: =SUM(D57,F57) -> 10
A58: MARIANA TIEMI YOSHIOKA | B58: 1 | C58: Um | D58: 5 | E58: Oito | F58: 5 | G58: =SUM(D58,F58) -> 10
A59: MATEUS ALMEIDA OLIVEIRA | B59: 1 | C59: Cinco | D59: 5 | E59: Oito | F59: 4.8 | G59: =SUM(D59,F59) -> 9.8
... A63: MICAELE MAGALHÃES BRANDÃO VERAS | B63: 1 | C63: Cinco | D63: 5 | E63: Oito | F63: 5 | G63: =SUM(D63,F63) -> 10
A64: NATÁLIA BRANDÃO DE SOUSA | B64: 0 | E64: =IF(B64=0,0,) -> 0 | F64: =IF(B64=0,0,) -> 0 | G64: =SUM(D64,F64) -> 0
A65: NATAN GABRIEL SPOHR | B65: 1 | C65: Dois | D65: 5 | E65: Oito | F65: 5 | G65: =SUM(D65,F65) -> 10
A66: NICOLE MARIA FERREIRA FREIRE | B66: 1 | C66: Um | D66: 5 | E66: Oito | F66: 4.5 | G66: =SUM(D66,F66) -> 9.5
A67: PEDRO PAULO GOMES PAIVA | B67: 1 | C67: Quatro | D67: 5 | E67: Oito | F67: 5 | G67: =SUM(D67,F67) -> 10
A68: RAFAEL AUGUSTO DE ALMEIDA | B68: 1 | C68: Quatro | D68: 4.5 | E68: Oito | F68: 4.5 | G68: =SUM(D68,F68) -> 9
A69: RHUAN SOLER DE ALMEIDA | B69: 0 | E69: =IF(B69=0,0,) -> 0 | F69: =IF(B69=0,0,) -> 0 | G69: =SUM(D69,F69) -> 0
A70: RYAN CARVALHO PEREIRA DOS SANTOS | B70: 1 | C70: Dois | D70: 5 | E70: Oito | F70: 5 | G70: =SUM(D70,F70) -> 10
A71: RYAN KEVIN DA COSTA FELINTO | B71: 1 | C71: Um | D71: 3 | E71: Oito | F71: 5 | G71: =SUM(D71,F71) -> 8
A72: SAMUEL BEZERRA DE HOLANDA LEITE | B72: 1 | C72: Quatro | D72: 4 | E72: Oito | F72: 5 | G72: =SUM(D72,F72) -> 9
A73: SÉRGIO TEIXEIRA ROSA | B73: 1 | C73: Cinco | D73: 5 | E73: Oito | F73: 5 | G73: =SUM(D73,F73) -> 10
A74: Sofia Cruz Guaranho | B74: 1 | C74: Quatro | D74: 5 | E74: Oito | F74: 5 | G74: =SUM(D74,F74) -> 10
A75: THEO VEIGA DRUMOND AMBRÓSIO | B75: 1 | C75: Quatro | D75: 5 | E75: Oito | F75: 5 | G75: =SUM(D75,F75) -> 10
A76: THIERRY VENTURA MARCOLINO DA SILVA | B76: 1 | C76: Cinco | D76: 5 | E76: Oito | F76: 5 | G76: =SUM(D76,F76) -> 10
A77: TIAGO SÁNCHEZ RIBEIRO | B77: 1 | C77: Um | D77: 5 | E77: Oito | F77: 5 | G77: =SUM(D77,F77) -> 10
A78: VINÍCIUS FLESCH KERN | B78: 1 | C78: Dois | D78: 5 | E78: Oito | F78: 4 | G78: =SUM(D78,F78) -> 9
A79: YASMIN DE BARROS DA SILVA | B79: 1 | C79: Um | D79: 5 | E79: Oito | F79: 4 | G79: =SUM(D79,F79) -> 9

Sheet Lista 2
A1: Nome | B1: Entrega | C1: Questão (Renato) | D1: Nota (Renato) | E1: Questão (Diego) | F1: Nota (Diego) | G1: Questão (Joel) | H1: Nota (Joel) | I1: Total
A2: ALAN DAVID SANTOS | B2: 0 | I2: =SUM(D2,F2,H2) -> 0
A3: ALLAN YUKIO FURUHASHI MELO | B3: 1 | I3: =SUM(D3,F3,H3) -> 0
A4: AMON CHALEGRE GOMES VANDERLEI | B4: 0 | I4: =SUM(D4,F4,H4) -> 0
A5: ANDRÉ FELIPE FURRIEL OLIVEIRA | B5: 0 | I5: =SUM(D5,F5,H5) -> 0
A6: ANIZIO SILVA CORREIA JÚNIOR | B6: 1 | I6: =SUM(D6,F6,H6) -> 0
A7: ARTHUR BARBOSA PINHEIRO | B7: 1 | I7: =SUM(D7,F7,H7) -> 0
A8: CARLOS EDUARDO MACHADO DOS SANTOS | B8: 1 | I8: =SUM(D8,F8,H8) -> 0
A9: CARLOS EDUARDO ROCHA DE PAULA | B9: 1 | I9: =SUM(D9,F9,H9) -> 0
A10: CRISTIANE MAGARINOS SAMPAIO | B10: 1 | I10: =SUM(D10,F10,H10) -> 0
A11: DANIEL RODRIGUES SERQUEIRA | B11: 1 | I11: =SUM(D11,F11,H11) -> 0
A12: DANIELA DE MENEZES MORAES | B12: 1 | I12: =SUM(D12,F12,H12) -> 0
A13: DAVI BEZERRA LEAL GUIMARÃES | B13: 1 | I13: =SUM(D13,F13,H13) -> 0
... A79: YASMIN DE BARROS DA SILVA | B79: 1 | I79: =SUM(D79,F79,H79) -> 0

Sheet Prova 1
A1: Nome | B1: Total
A2: ALAN DAVID SANTOS | B2: 0
A3: ALLAN YUKIO FURUHASHI MELO | B3: 21
A4: AMON CHALEGRE GOMES VANDERLEI | B4: 0
A5: ANDRÉ FELIPE FURRIEL OLIVEIRA | B5: 21
A6: ANIZIO SILVA CORREIA JÚNIOR | B6: 19
A7: ARTHUR BARBOSA PINHEIRO | B7: 22
A8: CARLOS EDUARDO MACHADO DOS SANTOS | B8: 35
A9: CARLOS EDUARDO ROCHA DE PAULA | B9: 20
A10: CRISTIANE MAGARINOS SAMPAIO | B10: 45
A11: DANIEL RODRIGUES SERQUEIRA | B11: 75
A12: DANIELA DE MENEZES MORAES | B12: 20
A13: DAVI BEZERRA LEAL GUIMARÃES | B13: 67
... A79: YASMIN DE BARROS DA SILVA | B79: 42
A80: MEDIA | B80: =AVERAGE(B2:B79) -> 38.038462
A81: DESVIO PADRÃO | B81: =STDEV(B2:B79) -> 26.156096

Sheet Média
A1: Nome | B1: Teste 1 | C1: Teste 2 | D1: Média Testes | E1: Entrega Lista 1 | F1: Entrega Lista 2 | G1: Média Entrega Normalizado | H1: Lista 1 | I1: Lista 2 | J1: Média Listas | K1: Prova 1 | L1: AV1
A2: ALAN DAVID SANTOS | B2: ='Teste 1'!B2 -> 0 | C2: ='Teste 2'!B2 -> 0 | D2: =SUM(B2:C2)/2 -> 0 | E2: ='Lista 1'!B2 -> 0 | F2: ='Lista 2'!B2 -> 0 | G2: =SUM(E2:F2)*5 -> 0 | H2: ='Lista 1'!G2 -> 0 | I2: 0 | J2: =SUM(H2:I2)/2 -> 0 | K2: ='Prova 1'!B2/10 -> 0 | L2: 0
A3: ALLAN YUKIO FURUHASHI MELO | B3: ='Teste 1'!B3 -> 10 | C3: ='Teste 2'!B3 -> 10 | D3: =SUM(B3:C3)/2 -> 10 | E3: ='Lista 1'!B3 -> 1 | F3: ='Lista 2'!B3 -> 1 | G3: =SUM(E3:F3)*5 -> 10 | H3: ='Lista 1'!G3 -> 10 | I3: =10 -> 10 | J3: =SUM(H3:I3)/2 -> 10 | K3: ='Prova 1'!B3/10 -> 2.1 | L3: =_xlfn.FLOOR.MATH(10*((SUM(D3*0.2,G3*0.05,J3*0.05,K3)*(6/5))*(20/43) + (138/43)))/10 -> 6
A4: AMON CHALEGRE GOMES VANDERLEI | B4: ='Teste 1'!B4 -> 0 | C4: ='Teste 2'!B4 -> 0 | D4: =SUM(B4:C4)/2 -> 0 | E4: ='Lista 1'!B4 -> 0 | F4: ='Lista 2'!B4 -> 0 | G4: =SUM(E4:F4)*5 -> 0 | H4: ='Lista 1'!G4 -> 0 | I4: 0 | J4: =SUM(H4:I4)/2 -> 0 | K4: ='Prova 1'!B4/10 -> 0 | L4: 0
A5: ANDRÉ FELIPE FURRIEL OLIVEIRA | B5: ='Teste 1'!B5 -> 1 | C5: ='Teste 2'!B5 -> 7.5 | D5: =SUM(B5:C5)/2 -> 4.25 | E5: ='Lista 1'!B5 -> 1 | F5: ='Lista 2'!B5 -> 0 | G5: =SUM(E5:F5)*5 -> 5 | H5: ='Lista 1'!G5 -> 9.8 | I5: 0 | J5: =SUM(H5:I5)/2 -> 4.9 | K5: ='Prova 1'!B5/10 -> 2.1 | L5: =_xlfn.FLOOR.MATH(10*((SUM(D5*0.2,G5*0.05,J5*0.05,K5)*(6/5))*(20/43) + (138/43)))/10 -> 5.1
A6: ANIZIO SILVA CORREIA JÚNIOR | B6: ='Teste 1'!B6 -> 9 | C6: ='Teste 2'!B6 -> 9 | D6: =SUM(B6:C6)/2 -> 9 | E6: ='Lista 1'!B6 -> 1 | F6: ='Lista 2'!B6 -> 1 | G6: =SUM(E6:F6)*5 -> 10 | H6: ='Lista 1'!G6 -> 10 | I6: =10 -> 10 | J6: =SUM(H6:I6)/2 -> 10 | K6: ='Prova 1'!B6/10 -> 1.9 | L6: =_xlfn.FLOOR.MATH(10*((SUM(D6*0.2,G6*0.05,J6*0.05,K6)*(6/5))*(20/43) + (138/43)))/10 -> 5.8
A7: ARTHUR BARBOSA PINHEIRO | B7: ='Teste 1'!B7 -> 1 | C7: ='Teste 2'!B7 -> 9 | D7: =SUM(B7:C7)/2 -> 5 | E7: ='Lista 1'!B7 -> 1 | F7: ='Lista 2'!B7 -> 1 | G7: =SUM(E7:F7)*5 -> 10 | H7: ='Lista 1'!G7 -> 10 | I7: =10 -> 10 | J7: =SUM(H7:I7)/2 -> 10 | K7: ='Prova 1'!B7/10 -> 2.2 | L7: =_xlfn.FLOOR.MATH(10*((SUM(D7*0.2,G7*0.05,J7*0.05,K7)*(6/5))*(20/43) + (138/43)))/10 -> 5.5
A8: CARLOS EDUARDO MACHADO DOS SANTOS | B8: ='Teste 1'!B8 -> 6.5 | C8: ='Teste 2'!B8 -> 9 | D8: =SUM(B8:C8)/2 -> 7.75 | E8: ='Lista 1'!B8 -> 1 | F8: ='Lista 2'!B8 -> 1 | G8: =SUM(E8:F8)*5 -> 10 | H8: ='Lista 1'!G8 -> 7 | I8: =10 -> 10 | J8: =SUM(H8:I8)/2 -> 8.5 | K8: ='Prova 1'!B8/10 -> 3.5 | L8: =_xlfn.FLOOR.MATH(10*((SUM(D8*0.2,G8*0.05,J8*0.05,K8)*(6/5))*(20/43) + (138/43)))/10 -> 6.5
A9: CARLOS EDUARDO ROCHA DE PAULA | B9: ='Teste 1'!B9 -> 10 | C9: ='Teste 2'!B9 -> 10 | D9: =SUM(B9:C9)/2 -> 10 | E9: ='Lista 1'!B9 -> 1 | F9: ='Lista 2'!B9 -> 1 | G9: =SUM(E9:F9)*5 -> 10 | H9: ='Lista 1'!G9 -> 9.8 | I9: =10 -> 10 | J9: =SUM(H9:I9)/2 -> 9.9 | K9: ='Prova 1'!B9/10 -> 2 | L9: 6
A10: CRISTIANE MAGARINOS SAMPAIO | B10: ='Teste 1'!B10 -> 10 | C10: ='Teste 2'!B10 -> 10 | D10: =SUM(B10:C10)/2 -> 10 | E10: ='Lista 1'!B10 -> 1 | F10: ='Lista 2'!B10 -> 1 | G10: =SUM(E10:F10)*5 -> 10 | H10: ='Lista 1'!G10 -> 7.8 | I10: =10 -> 10 | J10: =SUM(H10:I10)/2 -> 8.9 | K10: ='Prova 1'!B10/10 -> 4.5 | L10: =_xlfn.FLOOR.MATH(10*((SUM(D10*0.2,G10*0.05,J10*0.05,K10)*(6/5))*(20/43) + (138/43)))/10 -> 7.3
A11: DANIEL RODRIGUES SERQUEIRA | B11: ='Teste 1'!B11 -> 9.5 | C11: ='Teste 2'!B11 -> 10 | D11: =SUM(B11:C11)/2 -> 9.75 | E11: ='Lista 1'!B11 -> 1 | F11: ='Lista 2'!B11 -> 1 | G11: =SUM(E11:F11)*5 -> 10 | H11: ='Lista 1'!G11 -> 10 | I11: =10 -> 10 | J11: =SUM(H11:I11)/2 -> 10 | K11: ='Prova 1'!B11/10 -> 7.5 | L11: =_xlfn.FLOOR.MATH(10*((SUM(D11*0.2,G11*0.05,J11*0.05,K11)*(6/5))*(20/43) + (138/43)))/10 -> 9
A12: DANIELA DE MENEZES MORAES | B12: ='Teste 1'!B12 -> 10 | C12: ='Teste 2'!B12 -> 9.5 | D12: =SUM(B12:C12)/2 -> 9.75 | E12: ='Lista 1'!B12 -> 1 | F12: ='Lista 2'!B12 -> 1 | G12: =SUM(E12:F12)*5 -> 10 | H12: ='Lista 1'!G12 -> 10 | I12: =10 -> 10 | J12: =SUM(H12:I12)/2 -> 10 | K12: ='Prova 1'!B12/10 -> 2 | L12: 6
A13: DAVI BEZERRA LEAL GUIMARÃES | B13: ='Teste 1'!B13 -> 10 | C13: ='Teste 2'!B13 -> 10 | D13: =SUM(B13:C13)/2 -> 10 | E13: ='Lista 1'!B13 -> 1 | F13: ='Lista 2'!B13 -> 1 | G13: =SUM(E13:F13)*5 -> 10 | H13: ='Lista 1'!G13 -> 10 | I13: =10 -> 10 | J13: =SUM(H13:I13)/2 -> 10 | K13: ='Prova 1'!B13/10 -> 6.7 | L13: =_xlfn.FLOOR.MATH(10*((SUM(D13*0.2,G13*0.05,J13*0.05,K13)*(6/5))*(20/43) + (138/43)))/10 -> 8.6
A14: DAVI PESTANA DE CAMPOS | B14: ='Teste 1'!B14 -> 0 | C14: ='Teste 2'!B14 -> 0 | D14: =SUM(B14:C14)/2 -> 0 | E14: ='Lista 1'!B14 -> 0 | F14: ='Lista 2'!B14 -> 0 | G14: =SUM(E14:F14)*5 -> 0 | H14: ='Lista 1'!G14 -> 0 | I14: 0 | J14: =SUM(H14:I14)/2 -> 0 | K14: ='Prova 1'!B14/10 -> 0 | L14: 0
A15: DULCE MARIA DE ALMEIDA COSTA | B15: ='Teste 1'!B15 -> 10 | C15: ='Teste 2'!B15 -> 10 | D15: =SUM(B15:C15)/2 -> 10 | E15: ='Lista 1'!B15 -> 1 | F15: ='Lista 2'!B15 -> 1 | G15: =SUM(E15:F15)*5 -> 10 | H15: ='Lista 1'!G15 -> 10 | I15: =10 -> 10 | J15: =SUM(H15:I15)/2 -> 10 | K15: ='Prova 1'!B15/10 -> 3.7 | L15: =_xlfn.FLOOR.MATH(10*((SUM(D15*0.2,G15*0.05,J15*0.05,K15)*(6/5))*(20/43) + (138/43)))/10 -> 6.9
A16: EMILLY VITÓRIA LEITE REZENDE | B16: ='Teste 1'!B16 -> 10 | C16: ='Teste 2'!B16 -> 10 | D16: =SUM(B16:C16)/2 -> 10 | E16: ='Lista 1'!B16 -> 1 | F16: ='Lista 2'!B16 -> 1 | G16: =SUM(E16:F16)*5 -> 10 | H16: ='Lista 1'!G16 -> 9.8 | I16: =10 -> 10 | J16: =SUM(H16:I16)/2 -> 9.9 | K16: ='Prova 1'!B16/10 -> 1.8 | L16: =_xlfn.FLOOR.MATH(10*((SUM(D16*0.2,G16*0.05,J16*0.05,K16)*(6/5))*(20/43) + (138/43)))/10 -> 5.8
A17: FELIPE BECKER FROHLICH | B17: ='Teste 1'!B17 -> 10 | C17: ='Teste 2'!B17 -> 9 | D17: =SUM(B17:C17)/2 -> 9.5 | E17: ='Lista 1'!B17 -> 1 | F17: ='Lista 2'!B17 -> 1 | G17: =SUM(E17:F17)*5 -> 10 | H17: ='Lista 1'!G17 -> 10 | I17: =10 -> 10 | J17: =SUM(H17:I17)/2 -> 10 | K17: ='Prova 1'!B17/10 -> 9.1 | L17: 10
A18: FELIPE LERIA DE OLIVEIRA | B18: ='Teste 1'!B18 -> 10 | C18: ='Teste 2'!B18 -> 10 | D18: =SUM(B18:C18)/2 -> 10 | E18: ='Lista 1'!B18 -> 1 | F18: ='Lista 2'!B18 -> 1 | G18: =SUM(E18:F18)*5 -> 10 | H18: ='Lista 1'!G18 -> 8 | I18: =10 -> 10 | J18: =SUM(H18:I18)/2 -> 9 | K18: ='Prova 1'!B18/10 -> 1.6 | L18: =_xlfn.FLOOR.MATH(10*((SUM(D18*0.2,G18*0.05,J18*0.05,K18)*(6/5))*(20/43) + (138/43)))/10 -> 5.7
A19: FELIPE LIMA DE SOUSA | B19: ='Teste 1'!B19 -> 10 | C19: ='Teste 2'!B19 -> 7.5 | D19: =SUM(B19:C19)/2 -> 8.75 | E19: ='Lista 1'!B19 -> 1 | F19: ='Lista 2'!B19 -> 1 | G19: =SUM(E19:F19)*5 -> 10 | H19: ='Lista 1'!G19 -> 8.5 | I19: =10 -> 10 | J19: =SUM(H19:I19)/2 -> 9.25 | K19: ='Prova 1'!B19/10 -> 1.5 | L19: =_xlfn.FLOOR.MATH(10*((SUM(D19*0.2,G19*0.05,J19*0.05,K19)*(6/5))*(20/43) + (138/43)))/10 -> 5.5
A20: FELIPE RIBEIRO MENDONÇA | B20: ='Teste 1'!B20 -> 10 | C20: ='Teste 2'!B20 -> 9 | D20: =SUM(B20:C20)/2 -> 9.5 | E20: ='Lista 1'!B20 -> 1 | F20: ='Lista 2'!B20 -> 1 | G20: =SUM(E20:F20)*5 -> 10 | H20: ='Lista 1'!G20 -> 10 | I20: =10 -> 10 | J20: =SUM(H20:I20)/2 -> 10 | K20: ='Prova 1'!B20/10 -> 3.1 | L20: =_xlfn.FLOOR.MATH(10*((SUM(D20*0.2,G20*0.05,J20*0.05,K20)*(6/5))*(20/43) + (138/43)))/10 -> 6.5
A21: GABRIEL COLATUSSO CASTRO DA CRUZ | B21: ='Teste 1'!B21 -> 10 | C21: ='Teste 2'!B21 -> 10 | D21: =SUM(B21:C21)/2 -> 10 | E21: ='Lista 1'!B21 -> 1 | F21: ='Lista 2'!B21 -> 1 | G21: =SUM(E21:F21)*5 -> 10 | H21: ='Lista 1'!G21 -> 7 | I21: =10 -> 10 | J21: =SUM(H21:I21)/2 -> 8.5 | K21: ='Prova 1'!B21/10 -> 2.7 | L21: =_xlfn.FLOOR.MATH(10*((SUM(D21*0.2,G21*0.05,J21*0.05,K21)*(6/5))*(20/43) + (138/43)))/10 -> 6.3
A22: GABRIEL FALCÃO MARTINEZ | B22: ='Teste 1'!B22 -> 10 | C22: ='Teste 2'!B22 -> 10 | D22: =SUM(B22:C22)/2 -> 10 | E22: ='Lista 1'!B22 -> 1 | F22: ='Lista 2'!B22 -> 1 | G22: =SUM(E22:F22)*5 -> 10 | H22: ='Lista 1'!G22 -> 10 | I22: =10 -> 10 | J22: =SUM(H22:I22)/2 -> 10 | K22: ='Prova 1'!B22/10 -> 9.1 | L22: 10
A23: GABRIEL KRAUSS DE SANTANA DIAS | B23: ='Teste 1'!B23 -> 10 | C23: ='Teste 2'!B23 -> 10 | D23: =SUM(B23:C23)/2 -> 10 | E23: ='Lista 1'!B23 -> 1 | F23: ='Lista 2'!B23 -> 1 | G23: =SUM(E23:F23)*5 -> 10 | H23: ='Lista 1'!G23 -> 9.8 | I23: =10 -> 10 | J23: =SUM(H23:I23)/2 -> 9.9 | K23: ='Prova 1'!B23/10 -> 4.4 | L23: =_xlfn.FLOOR.MATH(10*((SUM(D23*0.2,G23*0.05,J23*0.05,K23)*(6/5))*(20/43) + (138/43)))/10 -> 7.3
A24: GABRIELA NAOMI ICHICAWA OGIDO | B24: ='Teste 1'!B24 -> 10 | C24: ='Teste 2'!B24 -> 9 | D24: =SUM(B24:C24)/2 -> 9.5 | E24: ='Lista 1'!B24 -> 1 | F24: ='Lista 2'!B24 -> 1 | G24: =SUM(E24:F24)*5 -> 10 | H24: ='Lista 1'!G24 -> 9.8 | I24: =10 -> 10 | J24: =SUM(H24:I24)/2 -> 9.9 | K24: ='Prova 1'!B24/10 -> 3.7 | L24: =_xlfn.FLOOR.MATH(10*((SUM(D24*0.2,G24*0.05,J24*0.05,K24)*(6/5))*(20/43) + (138/43)))/10 -> 6.8
A25: GUILHERME OSÉIAS PEREIRA DA SILVA | B25: ='Teste 1'!B25 -> 0 | C25: ='Teste 2'!B25 -> 10 | D25: =SUM(B25:C25)/2 -> 5 | E25: ='Lista 1'!B25 -> 1 | F25: ='Lista 2'!B25 -> 1 | G25: =SUM(E25:F25)*5 -> 10 | H25: ='Lista 1'!G25 -> 9 | I25: =10 -> 10 | J25: =SUM(H25:I25)/2 -> 9.5 | K25: ='Prova 1'!B25/10 -> 2.5 | L25: =_xlfn.FLOOR.MATH(10*((SUM(D25*0.2,G25*0.05,J25*0.05,K25)*(6/5))*(20/43) + (138/43)))/10 -> 5.7
A26: GUILHERME WILLEMEN PIMENTEL DE CASTRO | B26: ='Teste 1'!B26 -> 0 | C26: ='Teste 2'!B26 -> 0 | D26: =SUM(B26:C26)/2 -> 0 | E26: ='Lista 1'!B26 -> 0 | F26: ='Lista 2'!B26 -> 0 | G26: =SUM(E26:F26)*5 -> 0 | H26: ='Lista 1'!G26 -> 0 | I26: 0 | J26: =SUM(H26:I26)/2 -> 0 | K26: ='Prova 1'!B26/10 -> 0 | L26: 0
A27: HEITOR ALVES BRAZUNA | B27: ='Teste 1'!B27 -> 10 | C27: ='Teste 2'!B27 -> 10 | D27: =SUM(B27:C27)/2 -> 10 | E27: ='Lista 1'!B27 -> 1 | F27: ='Lista 2'!B27 -> 1 | G27: =SUM(E27:F27)*5 -> 10 | H27: ='Lista 1'!G27 -> 9.8 | I27: =10 -> 10 | J27: =SUM(H27:I27)/2 -> 9.9 | K27: 8.3 | L27: =_xlfn.FLOOR.MATH(10*((SUM(D27*0.2,G27*0.05,J27*0.05,K27)*(6/5))*(20/43) + (138/43)))/10 -> 9.5 | M27: OBS: +0.7 na AV2 (se nota(AV2) > 9.7, nota final = 10)
A28: HEITOR RAMOS PEREIRA | B28: ='Teste 1'!B28 -> 10 | C28: ='Teste 2'!B28 -> 10 | D28: =SUM(B28:C28)/2 -> 10 | E28: ='Lista 1'!B28 -> 1 | F28: ='Lista 2'!B28 -> 1 | G28: =SUM(E28:F28)*5 -> 10 | H28: ='Lista 1'!G28 -> 10 | I28: =10 -> 10 | J28: =SUM(H28:I28)/2 -> 10 | K28: ='Prova 1'!B28/10 -> 9.3 | L28: =_xlfn.FLOOR.MATH(10*((SUM(D28*0.2,G28*0.05,J28*0.05,K28)*(6/5))*(20/43) + (138/43)))/10 -> 10
A29: HUANN VICENTE | B29: ='Teste 1'!B29 -> 9 | C29: ='Teste 2'!B29 -> 9 | D29: =SUM(B29:C29)/2 -> 9 | E29: ='Lista 1'!B29 -> 1 | F29: ='Lista 2'!B29 -> 1 | G29: =SUM(E29:F29)*5 -> 10 | H29: ='Lista 1'!G29 -> 10 | I29: =10 -> 10 | J29: =SUM(H29:I29)/2 -> 10 | K29: ='Prova 1'!B29/10 -> 1.5 | L29: =_xlfn.FLOOR.MATH(10*((SUM(D29*0.2,G29*0.05,J29*0.05,K29)*(6/5))*(20/43) + (138/43)))/10 -> 5.6
A30: INGRID SILVA CARVALHO | B30: ='Teste 1'!B30 -> 10 | C30: ='Teste 2'!B30 -> 10 | D30: =SUM(B30:C30)/2 -> 10 | E30: ='Lista 1'!B30 -> 1 | F30: ='Lista 2'!B30 -> 1 | G30: =SUM(E30:F30)*5 -> 10 | H30: ='Lista 1'!G30 -> 9.8 | I30: =10 -> 10 | J30: =SUM(H30:I30)/2 -> 9.9 | K30: ='Prova 1'!B30/10 -> 4.3 | L30: =_xlfn.FLOOR.MATH(10*((SUM(D30*0.2,G30*0.05,J30*0.05,K30)*(6/5))*(20/43) + (138/43)))/10 -> 7.2
A31: ITALO RENNAN DE ABREU SOUZA | B31: ='Teste 1'!B31 -> 10 | C31: ='Teste 2'!B31 -> 10 | D31: =SUM(B31:C31)/2 -> 10 | E31: ='Lista 1'!B31 -> 1 | F31: ='Lista 2'!B31 -> 1 | G31: =SUM(E31:F31)*5 -> 10 | H31: ='Lista 1'!G31 -> 10 | I31: =10 -> 10 | J31: =SUM(H31:I31)/2 -> 10 | K31: 5.5 | L31: =_xlfn.FLOOR.MATH(10*((SUM(D31*0.2,G31*0.05,J31*0.05,K31)*(6/5))*(20/43) + (138/43)))/10 -> 7.9
A32: JONAS ARAUJO ALVES | B32: ='Teste 1'!B32 -> 10 | C32: ='Teste 2'!B32 -> 8 | D32: =SUM(B32:C32)/2 -> 9 | E32: ='Lista 1'!B32 -> 1 | F32: ='Lista 2'!B32 -> 1 | G32: =SUM(E32:F32)*5 -> 10 | H32: ='Lista 1'!G32 -> 9.5 | I32: =10 -> 10 | J32: =SUM(H32:I32)/2 -> 9.75 | K32: ='Prova 1'!B32/10 -> 2.6 | L32: =_xlfn.FLOOR.MATH(10*((SUM(D32*0.2,G32*0.05,J32*0.05,K32)*(6/5))*(20/43) + (138/43)))/10 -> 6.2
A33: JOSÉ ARMANDO SILVA DUARTE | B33: ='Teste 1'!B33 -> 10 | C33: ='Teste 2'!B33 -> 9.5 | D33: =SUM(B33:C33)/2 -> 9.75 | E33: ='Lista 1'!B33 -> 1 | F33: ='Lista 2'!B33 -> 1 | G33: =SUM(E33:F33)*5 -> 10 | H33: ='Lista 1'!G33 -> 9.8 | I33: =10 -> 10 | J33: =SUM(H33:I33)/2 -> 9.9 | K33: ='Prova 1'!B33/10 -> 3.4 | L33: =_xlfn.FLOOR.MATH(10*((SUM(D33*0.2,G33*0.05,J33*0.05,K33)*(6/5))*(20/43) + (138/43)))/10 -> 6.7
A34: JOSÉ RAFAEL FREITAS DE MELO | B34: ='Teste 1'!B34 -> 10 | C34: ='Teste 2'!B34 -> 9 | D34: =SUM(B34:C34)/2 -> 9.5 | E34: ='Lista 1'!B34 -> 1 | F34: ='Lista 2'!B34 -> 1 | G34: =SUM(E34:F34)*5 -> 10 | H34: ='Lista 1'!G34 -> 9.5 | I34: =10 -> 10 | J34: =SUM(H34:I34)/2 -> 9.75 | K34: ='Prova 1'!B34/10 -> 3.6 | L34: =_xlfn.FLOOR.MATH(10*((SUM(D34*0.2,G34*0.05,J34*0.05,K34)*(6/5))*(20/43) + (138/43)))/10 -> 6.8
A35: JOSIETE MORAIS SANTOS SILVA | B35: ='Teste 1'!B35 -> 0 | C35: ='Teste 2'!B35 -> 0 | D35: =SUM(B35:C35)/2 -> 0 | E35: ='Lista 1'!B35 -> 0 | F35: ='Lista 2'!B35 -> 0 | G35: =SUM(E35:F35)*5 -> 0 | H35: ='Lista 1'!G35 -> 0 | I35: 0 | J35: =SUM(H35:I35)/2 -> 0 | K35: ='Prova 1'!B35/10 -> 0 | L35: 0
A36: JUAN MARTINS SANTOS | B36: ='Teste 1'!B36 -> 10 | C36: ='Teste 2'!B36 -> 10 | D36: =SUM(B36:C36)/2 -> 10 | E36: ='Lista 1'!B36 -> 1 | F36: ='Lista 2'!B36 -> 0 | G36: =SUM(E36:F36)*5 -> 5 | H36: ='Lista 1'!G36 -> 10 | I36: 0 | J36: =SUM(H36:I36)/2 -> 5 | K36: ='Prova 1'!B36/10 -> 5 | L36: =_xlfn.FLOOR.MATH(10*((SUM(D36*0.2,G36*0.05,J36*0.05,K36)*(6/5))*(20/43) + (138/43)))/10 -> 7.3
A37: JULIA QUIUQUI FONSECA | B37: ='Teste 1'!B37 -> 8 | C37: ='Teste 2'!B37 -> 10 | D37: =SUM(B37:C37)/2 -> 9 | E37: ='Lista 1'!B37 -> 1 | F37: ='Lista 2'!B37 -> 1 | G37: =SUM(E37:F37)*5 -> 10 | H37: ='Lista 1'!G37 -> 10 | I37: =10 -> 10 | J37: =SUM(H37:I37)/2 -> 10 | K37: ='Prova 1'!B37/10 -> 2 | L37: =_xlfn.FLOOR.MATH(10*((SUM(D37*0.2,G37*0.05,J37*0.05,K37)*(6/5))*(20/43) + (138/43)))/10 -> 5.8
A38: KAUÃ MATTES REICHERT | B38: ='Teste 1'!B38 -> 10 | C38: ='Teste 2'!B38 -> 10 | D38: =SUM(B38:C38)/2 -> 10 | E38: ='Lista 1'!B38 -> 1 | F38: ='Lista 2'!B38 -> 1 | G38: =SUM(E38:F38)*5 -> 10 | H38: ='Lista 1'!G38 -> 10 | I38: =10 -> 10 | J38: =SUM(H38:I38)/2 -> 10 | K38: ='Prova 1'!B38/10 -> 8.8 | L38: =_xlfn.FLOOR.MATH(10*((SUM(D38*0.2,G38*0.05,J38*0.05,K38)*(6/5))*(20/43) + (138/43)))/10 -> 9.7
A39: KAYKY LOPES TEIXEIRA MARTINS | B39: ='Teste 1'!B39 -> 10 | C39: ='Teste 2'!B39 -> 10 | D39: =SUM(B39:C39)/2 -> 10 | E39: ='Lista 1'!B39 -> 1 | F39: ='Lista 2'!B39 -> 0 | G39: =SUM(E39:F39)*5 -> 5 | H39: ='Lista 1'!G39 -> 10 | I39: 0 | J39: =SUM(H39:I39)/2 -> 5 | K39: ='Prova 1'!B39/10 -> 2.4 | L39: 6
A40: KENZO NAGAMINE | B40: ='Teste 1'!B40 -> 10 | C40: ='Teste 2'!B40 -> 10 | D40: =SUM(B40:C40)/2 -> 10 | E40: ='Lista 1'!B40 -> 1 | F40: ='Lista 2'!B40 -> 1 | G40: =SUM(E40:F40)*5 -> 10 | H40: ='Lista 1'!G40 -> 10 | I40: =10 -> 10 | J40: =SUM(H40:I40)/2 -> 10 | K40: ='Prova 1'!B40/10 -> 7.6 | L40: =_xlfn.FLOOR.MATH(10*((SUM(D40*0.2,G40*0.05,J40*0.05,K40)*(6/5))*(20/43) + (138/43)))/10 -> 9.1
A41: LISANDRA MENEZES FAGUNDES | B41: ='Teste 1'!B41 -> 10 | C41: ='Teste 2'!B41 -> 10 | D41: =SUM(B41:C41)/2 -> 10 | E41: ='Lista 1'!B41 -> 1 | F41: ='Lista 2'!B41 -> 1 | G41: =SUM(E41:F41)*5 -> 10 | H41: ='Lista 1'!G41 -> 10 | I41: =10 -> 10 | J41: =SUM(H41:I41)/2 -> 10 | K41: ='Prova 1'!B41/10 -> 4.2 | L41: =_xlfn.FLOOR.MATH(10*((SUM(D41*0.2,G41*0.05,J41*0.05,K41)*(6/5))*(20/43) + (138/43)))/10 -> 7.2
A42: LUANA FAGUNDES DE LIMA | B42: ='Teste 1'!B42 -> 8 | C42: ='Teste 2'!B42 -> 10 | D42: =SUM(B42:C42)/2 -> 9 | E42: ='Lista 1'!B42 -> 1 | F42: ='Lista 2'!B42 -> 1 | G42: =SUM(E42:F42)*5 -> 10 | H42: ='Lista 1'!G42 -> 10 | I42: =10 -> 10 | J42: =SUM(H42:I42)/2 -> 10 | K42: ='Prova 1'!B42/10 -> 9.5 | L42: =_xlfn.FLOOR.MATH(10*((SUM(D42*0.2,G42*0.05,J42*0.05,K42)*(6/5))*(20/43) + (138/43)))/10 -> 10
A43: LUANA MOGNON DA SILVA | B43: ='Teste 1'!B43 -> 10 | C43: ='Teste 2'!B43 -> 8 | D43: =SUM(B43:C43)/2 -> 9 | E43: ='Lista 1'!B43 -> 1 | F43: ='Lista 2'!B43 -> 1 | G43: =SUM(E43:F43)*5 -> 10 | H43: ='Lista 1'!G43 -> 9.8 | I43: =10 -> 10 | J43: =SUM(H43:I43)/2 -> 9.9 | K43: ='Prova 1'!B43/10 -> 3 | L43: =_xlfn.FLOOR.MATH(10*((SUM(D43*0.2,G43*0.05,J43*0.05,K43)*(6/5))*(20/43) + (138/43)))/10 -> 6.4
A44: LUCA SEIKI PEREIRA FUJII | B44: ='Teste 1'!B44 -> 10 | C44: ='Teste 2'!B44 -> 10 | D44: =SUM(B44:C44)/2 -> 10 | E44: ='Lista 1'!B44 -> 1 | F44: ='Lista 2'!B44 -> 1 | G44: =SUM(E44:F44)*5 -> 10 | H44: ='Lista 1'!G44 -> 9.5 | I44: =10 -> 10 | J44: =SUM(H44:I44)/2 -> 9.75 | K44: ='Prova 1'!B44/10 -> 5.6 | L44: =_xlfn.FLOOR.MATH(10*((SUM(D44*0.2,G44*0.05,J44*0.05,K44)*(6/5))*(20/43) + (138/43)))/10 -> 8
A45: LUCAS CÚRI CORAZZA | B45: ='Teste 1'!B45 -> 9.5 | C45: ='Teste 2'!B45 -> 5 | D45: =SUM(B45:C45)/2 -> 7.25 | E45: ='Lista 1'!B45 -> 1 | F45: ='Lista 2'!B45 -> 1 | G45: =SUM(E45:F45)*5 -> 10 | H45: ='Lista 1'!G45 -> 10 | I45: =10 -> 10 | J45: =SUM(H45:I45)/2 -> 10 | K45: ='Prova 1'!B45/10 -> 3.1 | L45: =_xlfn.FLOOR.MATH(10*((SUM(D45*0.2,G45*0.05,J45*0.05,K45)*(6/5))*(20/43) + (138/43)))/10 -> 6.3
A46: LUCAS DA SILVA OLIVEIRA | B46: ='Teste 1'!B46 -> 10 | C46: ='Teste 2'!B46 -> 9 | D46: =SUM(B46:C46)/2 -> 9.5 | E46: ='Lista 1'!B46 -> 1 | F46: ='Lista 2'!B46 -> 1 | G46: =SUM(E46:F46)*5 -> 10 | H46: ='Lista 1'!G46 -> 10 | I46: =10 -> 10 | J46: =SUM(H46:I46)/2 -> 10 | K46: ='Prova 1'!B46/10 -> 4.9 | L46: =_xlfn.FLOOR.MATH(10*((SUM(D46*0.2,G46*0.05,J46*0.05,K46)*(6/5))*(20/43) + (138/43)))/10 -> 7.5
A47: LUCAS FRAGA DAMASCENO | B47: 9 | C47: ='Teste 2'!B47 -> 9 | D47: =SUM(B47:C47)/2 -> 9 | E47: 1 | F47: ='Lista 2'!B47 -> 1 | G47: =SUM(E47:F47)*5 -> 10 | H47: 9 | I47: =10 -> 10 | J47: =SUM(H47:I47)/2 -> 9.5 | K47: ='Prova 1'!B47/10 -> 7.9 | L47: 8.4 | M47: OBS: +0.7 na AV2
A48: LUCAS MOURÃO CERQUEIRA E SILVA | B48: ='Teste 1'!B48 -> 10 | C48: ='Teste 2'!B48 -> 7 | D48: =SUM(B48:C48)/2 -> 8.5 | E48: ='Lista 1'!B48 -> 1 | F48: ='Lista 2'!B48 -> 1 | G48: =SUM(E48:F48)*5 -> 10 | H48: ='Lista 1'!G48 -> 10 | I48: =10 -> 10 | J48: =SUM(H48:I48)/2 -> 10 | K48: ='Prova 1'!B48/10 -> 1.2 | L48: =_xlfn.FLOOR.MATH(10*((SUM(D48*0.2,G48*0.05,J48*0.05,K48)*(6/5))*(20/43) + (138/43)))/10 -> 5.3
A49: LUCAS RODRIGUES CARACAS CARLOS | B49: ='Teste 1'!B49 -> 7 | C49: ='Teste 2'!B49 -> 10 | D49: =SUM(B49:C49)/2 -> 8.5 | E49: ='Lista 1'!B49 -> 1 | F49: ='Lista 2'!B49 -> 1 | G49: =SUM(E49:F49)*5 -> 10 | H49: ='Lista 1'!G49 -> 9 | I49: =10 -> 10 | J49: =SUM(H49:I49)/2 -> 9.5 | K49: ='Prova 1'!B49/10 -> 2.2 | L49: 6
A50: LUCAS VIEIRA SILVA | B50: ='Teste 1'!B50 -> 9 | C50: ='Teste 2'!B50 -> 10 | D50: =SUM(B50:C50)/2 -> 9.5 | E50: ='Lista 1'!B50 -> 1 | F50: ='Lista 2'!B50 -> 1 | G50: =SUM(E50:F50)*5 -> 10 | H50: ='Lista 1'!G50 -> 10 | I50: =10 -> 10 | J50: =SUM(H50:I50)/2 -> 10 | K50: ='Prova 1'!B50/10 -> 4.5 | L50: =_xlfn.FLOOR.MATH(10*((SUM(D50*0.2,G50*0.05,J50*0.05,K50)*(6/5))*(20/43) + (138/43)))/10 -> 7.3
A51: LUCCA MOULIN CRUZ | B51: ='Teste 1'!B51 -> 6.5 | C51: ='Teste 2'!B51 -> 8 | D51: =SUM(B51:C51)/2 -> 7.25 | E51: ='Lista 1'!B51 -> 1 | F51: ='Lista 2'!B51 -> 1 | G51: =SUM(E51:F51)*5 -> 10 | H51: ='Lista 1'!G51 -> 10 | I51: =10 -> 10 | J51: =SUM(H51:I51)/2 -> 10 | K51: ='Prova 1'!B51/10 -> 4.1 | L51: =_xlfn.FLOOR.MATH(10*((SUM(D51*0.2,G51*0.05,J51*0.05,K51)*(6/5))*(20/43) + (138/43)))/10 -> 6.8
A52: LUÍSA DE SOUZA QUERIDO COSTA | B52: ='Teste 1'!B52 -> 8 | C52: ='Teste 2'!B52 -> 8 | D52: =SUM(B52:C52)/2 -> 8 | E52: ='Lista 1'!B52 -> 1 | F52: ='Lista 2'!B52 -> 1 | G52: =SUM(E52:F52)*5 -> 10 | H52: ='Lista 1'!G52 -> 8 | I52: =10 -> 10 | J52: =SUM(H52:I52)/2 -> 9 | K52: ='Prova 1'!B52/10 -> 2 | L52: =_xlfn.FLOOR.MATH(10*((SUM(D52*0.2,G52*0.05,J52*0.05,K52)*(6/5))*(20/43) + (138/43)))/10 -> 5.7
A53: MANUELA ABATI BORDEAUX RONCONI | B53: ='Teste 1'!B53 -> 10 | C53: ='Teste 2'!B53 -> 10 | D53: =SUM(B53:C53)/2 -> 10 | E53: ='Lista 1'!B53 -> 1 | F53: ='Lista 2'!B53 -> 1 | G53: =SUM(E53:F53)*5 -> 10 | H53: ='Lista 1'!G53 -> 10 | I53: =10 -> 10 | J53: =SUM(H53:I53)/2 -> 10 | K53: ='Prova 1'!B53/10 -> 1.8 | L53: =_xlfn.FLOOR.MATH(10*((SUM(D53*0.2,G53*0.05,J53*0.05,K53)*(6/5))*(20/43) + (138/43)))/10 -> 5.8
A54: MARCELLA DECEMBRINO DE SOUZA | B54: 10 | C54: ='Teste 2'!B54 -> 10 | D54: =SUM(B54:C54)/2 -> 10 | E54: ='Lista 1'!B54 -> 1 | F54: ='Lista 2'!B54 -> 1 | G54: =SUM(E54:F54)*5 -> 10 | H54: ='Lista 1'!G54 -> 10 | I54: =10 -> 10 | J54: =SUM(H54:I54)/2 -> 10 | K54: ='Prova 1'!B54/10 -> 4.3 | L54: 6.7 | M54: OBS: +0.5 na AV2
A55: MARCELO AUGUSTO VIEIRA LOPES | B55: ='Teste 1'!B55 -> 10 | C55: ='Teste 2'!B55 -> 10 | D55: =SUM(B55:C55)/2 -> 10 | E55: ='Lista 1'!B55 -> 1 | F55: ='Lista 2'!B55 -> 1 | G55: =SUM(E55:F55)*5 -> 10 | H55: ='Lista 1'!G55 -> 10 | I55: =10 -> 10 | J55: =SUM(H55:I55)/2 -> 10 | K55: ='Prova 1'!B55/10 -> 6.4 | L55: =_xlfn.FLOOR.MATH(10*((SUM(D55*0.2,G55*0.05,J55*0.05,K55)*(6/5))*(20/43) + (138/43)))/10 -> 8.4
A56: MARCELO MIGUEL ALVES DA SILVA | B56: ='Teste 1'!B56 -> 10 | C56: ='Teste 2'!B56 -> 10 | D56: =SUM(B56:C56)/2 -> 10 | E56: ='Lista 1'!B56 -> 1 | F56: ='Lista 2'!B56 -> 1 | G56: =SUM(E56:F56)*5 -> 10 | H56: ='Lista 1'!G56 -> 9.3 | I56: =10 -> 10 | J56: =SUM(H56:I56)/2 -> 9.65 | K56: ='Prova 1'!B56/10 -> 4.8 | L56: =_xlfn.FLOOR.MATH(10*((SUM(D56*0.2,G56*0.05,J56*0.05,K56)*(6/5))*(20/43) + (138/43)))/10 -> 7.5
A57: MARIA IZABELLE SOUSA DA SILVA | B57: ='Teste 1'!B57 -> 10 | C57: ='Teste 2'!B57 -> 10 | D57: =SUM(B57:C57)/2 -> 10 | E57: ='Lista 1'!B57 -> 1 | F57: ='Lista 2'!B57 -> 1 | G57: =SUM(E57:F57)*5 -> 10 | H57: ='Lista 1'!G57 -> 10 | I57: =10 -> 10 | J57: =SUM(H57:I57)/2 -> 10 | K57: ='Prova 1'!B57/10 -> 4.4 | L57: =_xlfn.FLOOR.MATH(10*((SUM(D57*0.2,G57*0.05,J57*0.05,K57)*(6/5))*(20/43) + (138/43)))/10 -> 7.3
A58: MARIANA TIEMI YOSHIOKA | B58: ='Teste 1'!B58 -> 9 | C58: ='Teste 2'!B58 -> 10 | D58: =SUM(B58:C58)/2 -> 9.5 | E58: ='Lista 1'!B58 -> 1 | F58: ='Lista 2'!B58 -> 1 | G58: =SUM(E58:F58)*5 -> 10 | H58: ='Lista 1'!G58 -> 10 | I58: =10 -> 10 | J58: =SUM(H58:I58)/2 -> 10 | K58: ='Prova 1'!B58/10 -> 6.1 | L58: =_xlfn.FLOOR.MATH(10*((SUM(D58*0.2,G58*0.05,J58*0.05,K58)*(6/5))*(20/43) + (138/43)))/10 -> 8.2
A59: MATEUS ALMEIDA OLIVEIRA | B59: ='Teste 1'!B59 -> 10 | C59: ='Teste 2'!B59 -> 10 | D59: =SUM(B59:C59)/2 -> 10 | E59: ='Lista 1'!B59 -> 1 | F59: ='Lista 2'!B59 -> 1 | G59: =SUM(E59:F59)*5 -> 10 | H59: ='Lista 1'!G59 -> 9.8 | I59: =10 -> 10 | J59: =SUM(H59:I59)/2 -> 9.9 | K59: ='Prova 1'!B59/10 -> 4.4 | L59: =_xlfn.FLOOR.MATH(10*((SUM(D59*0.2,G59*0.05,J59*0.05,K59)*(6/5))*(20/43) + (138/43)))/10 -> 7.3
A60: MATEUS BANDEIRA DE MELLO TORRES | B60: ='Teste 1'!B60 -> 10 | C60: ='Teste 2'!B60 -> 9 | D60: =SUM(B60:C60)/2 -> 9.5 | E60: ='Lista 1'!B60 -> 1 | F60: ='Lista 2'!B60 -> 1 | G60: =SUM(E60:F60)*5 -> 10 | H60: ='Lista 1'!G60 -> 9.5 | I60: =10 -> 10 | J60: =SUM(H60:I60)/2 -> 9.75 | K60: ='Prova 1'!B60/10 -> 2.8 | L60: =_xlfn.FLOOR.MATH(10*((SUM(D60*0.2,G60*0.05,J60*0.05,K60)*(6/5))*(20/43) + (138/43)))/10 -> 6.3
A61: MATEUS MUNDSTOCK MENDES DE CARVALHO | B61: ='Teste 1'!B61 -> 10 | C61: ='Teste 2'!B61 -> 10 | D61: =SUM(B61:C61)/2 -> 10 | E61: ='Lista 1'!B61 -> 1 | F61: ='Lista 2'!B61 -> 1 | G61: =SUM(E61:F61)*5 -> 10 | H61: ='Lista 1'!G61 -> 8.8 | I61: =10 -> 10 | J61: =SUM(H61:I61)/2 -> 9.4 | K61: ='Prova 1'!B61/10 -> 6.5 | L61: =_xlfn.FLOOR.MATH(10*((SUM(D61*0.2,G61*0.05,J61*0.05,K61)*(6/5))*(20/43) + (138/43)))/10 -> 8.4
A62: MATEUS STACOVIAKI GALVÃO | B62: ='Teste 1'!B62 -> 10 | C62: ='Teste 2'!B62 -> 10 | D62: =SUM(B62:C62)/2 -> 10 | E62: ='Lista 1'!B62 -> 1 | F62: ='Lista 2'!B62 -> 1 | G62: =SUM(E62:F62)*5 -> 10 | H62: ='Lista 1'!G62 -> 9 | I62: =10 -> 10 | J62: =SUM(H62:I62)/2 -> 9.5 | K62: ='Prova 1'!B62/10 -> 6.8 | L62: =_xlfn.FLOOR.MATH(10*((SUM(D62*0.2,G62*0.05,J62*0.05,K62)*(6/5))*(20/43) + (138/43)))/10 -> 8.6
A63: MICAELE MAGALHÃES BRANDÃO VERAS | B63: ='Teste 1'!B63 -> 10 | C63: ='Teste 2'!B63 -> 8 | D63: =SUM(B63:C63)/2 -> 9 | E63: ='Lista 1'!B63 -> 1 | F63: ='Lista 2'!B63 -> 1 | G63: =SUM(E63:F63)*5 -> 10 | H63: ='Lista 1'!G63 -> 10 | I63: =10 -> 10 | J63: =SUM(H63:I63)/2 -> 10 | K63: ='Prova 1'!B63/10 -> 3.4 | L63: =_xlfn.FLOOR.MATH(10*((SUM(D63*0.2,G63*0.05,J63*0.05,K63)*(6/5))*(20/43) + (138/43)))/10 -> 6.6
A64: NATÁLIA BRANDÃO DE SOUSA | B64: ='Teste 1'!B64 -> 0 | C64: ='Teste 2'!B64 -> 0 | D64: =SUM(B64:C64)/2 -> 0 | E64: ='Lista 1'!B64 -> 0 | F64: ='Lista 2'!B64 -> 0 | G64: =SUM(E64:F64)*5 -> 0 | H64: ='Lista 1'!G64 -> 0 | I64: 0 | J64: =SUM(H64:I64)/2 -> 0 | K64: ='Prova 1'!B64/10 -> 0 | L64: 0
A65: NATAN GABRIEL SPOHR | B65: ='Teste 1'!B65 -> 10 | C65: ='Teste 2'!B65 -> 9 | D65: =SUM(B65:C65)/2 -> 9.5 | E65: ='Lista 1'!B65 -> 1 | F65: ='Lista 2'!B65 -> 1 | G65: =SUM(E65:F65)*5 -> 10 | H65: ='Lista 1'!G65 -> 10 | I65: =10 -> 10 | J65: =SUM(H65:I65)/2 -> 10 | K65: ='Prova 1'!B65/10 -> 8.8 | L65: =_xlfn.FLOOR.MATH(10*((SUM(D65*0.2,G65*0.05,J65*0.05,K65)*(6/5))*(20/43) + (138/43)))/10 -> 9.7
A66: NICOLE MARIA FERREIRA FREIRE | B66: ='Teste 1'!B66 -> 10 | C66: ='Teste 2'!B66 -> 10 | D66: =SUM(B66:C66)/2 -> 10 | E66: ='Lista 1'!B66 -> 1 | F66: ='Lista 2'!B66 -> 1 | G66: =SUM(E66:F66)*5 -> 10 | H66: ='Lista 1'!G66 -> 9.5 | I66: =10 -> 10 | J66: =SUM(H66:I66)/2 -> 9.75 | K66: ='Prova 1'!B66/10 -> 1.7 | L66: =_xlfn.FLOOR.MATH(10*((SUM(D66*0.2,G66*0.05,J66*0.05,K66)*(6/5))*(20/43) + (138/43)))/10 -> 5.8
A67: PEDRO PAULO GOMES PAIVA | B67: ='Teste 1'!B67 -> 10 | C67: ='Teste 2'!B67 -> 10 | D67: =SUM(B67:C67)/2 -> 10 | E67: ='Lista 1'!B67 -> 1 | F67: ='Lista 2'!B67 -> 1 | G67: =SUM(E67:F67)*5 -> 10 | H67: ='Lista 1'!G67 -> 10 | I67: =10 -> 10 | J67: =SUM(H67:I67)/2 -> 10 | K67: ='Prova 1'!B67/10 -> 5.7 | L67: =_xlfn.FLOOR.MATH(10*((SUM(D67*0.2,G67*0.05,J67*0.05,K67)*(6/5))*(20/43) + (138/43)))/10 -> 8
A68: RAFAEL AUGUSTO DE ALMEIDA | B68: ='Teste 1'!B68 -> 10 | C68: ='Teste 2'!B68 -> 10 | D68: =SUM(B68:C68)/2 -> 10 | E68: ='Lista 1'!B68 -> 1 | F68: ='Lista 2'!B68 -> 1 | G68: =SUM(E68:F68)*5 -> 10 | H68: ='Lista 1'!G68 -> 9 | I68: =10 -> 10 | J68: =SUM(H68:I68)/2 -> 9.5 | K68: 1.5 | L68: =_xlfn.FLOOR.MATH(10*((SUM(D68*0.2,G68*0.05,J68*0.05,K68)*(6/5))*(20/43) + (138/43)))/10 -> 5.7
A69: RHUAN SOLER DE ALMEIDA | B69: ='Teste 1'!B69 -> 0 | C69: ='Teste 2'!B69 -> 0 | D69: =SUM(B69:C69)/2 -> 0 | E69: ='Lista 1'!B69 -> 0 | F69: ='Lista 2'!B69 -> 0 | G69: =SUM(E69:F69)*5 -> 0 | H69: ='Lista 1'!G69 -> 0 | I69: 0 | J69: =SUM(H69:I69)/2 -> 0 | K69: ='Prova 1'!B69/10 -> 0 | L69: 0
A70: RYAN CARVALHO PEREIRA DOS SANTOS | B70: ='Teste 1'!B70 -> 10 | C70: ='Teste 2'!B70 -> 10 | D70: =SUM(B70:C70)/2 -> 10 | E70: ='Lista 1'!B70 -> 1 | F70: ='Lista 2'!B70 -> 1 | G70: =SUM(E70:F70)*5 -> 10 | H70: ='Lista 1'!G70 -> 10 | I70: =10 -> 10 | J70: =SUM(H70:I70)/2 -> 10 | K70: ='Prova 1'!B70/10 -> 0 | L70: =_xlfn.FLOOR.MATH(10*((SUM(D70*0.2,G70*0.05,J70*0.05,K70)*(6/5))*(20/43) + (138/43)))/10 -> 4.8
A71: RYAN KEVIN DA COSTA FELINTO | B71: ='Teste 1'!B71 -> 0 | C71: ='Teste 2'!B71 -> 7 | D71: =SUM(B71:C71)/2 -> 3.5 | E71: ='Lista 1'!B71 -> 1 | F71: ='Lista 2'!B71 -> 1 | G71: =SUM(E71:F71)*5 -> 10 | H71: ='Lista 1'!G71 -> 8 | I71: =10 -> 10 | J71: =SUM(H71:I71)/2 -> 9 | K71: ='Prova 1'!B71/10 -> 2.6 | L71: =_xlfn.FLOOR.MATH(10*((SUM(D71*0.2,G71*0.05,J71*0.05,K71)*(6/5))*(20/43) + (138/43)))/10 -> 5.5
A72: SAMUEL BEZERRA DE HOLANDA LEITE | B72: ='Teste 1'!B72 -> 7 | C72: ='Teste 2'!B72 -> 10 | D72: =SUM(B72:C72)/2 -> 8.5 | E72: ='Lista 1'!B72 -> 1 | F72: ='Lista 2'!B72 -> 1 | G72: =SUM(E72:F72)*5 -> 10 | H72: ='Lista 1'!G72 -> 9 | I72: =10 -> 10 | J72: =SUM(H72:I72)/2 -> 9.5 | K72: ='Prova 1'!B72/10 -> 5.1 | L72: =_xlfn.FLOOR.MATH(10*((SUM(D72*0.2,G72*0.05,J72*0.05,K72)*(6/5))*(20/43) + (138/43)))/10 -> 7.5
A73: SÉRGIO TEIXEIRA ROSA | B73: ='Teste 1'!B73 -> 10 | C73: ='Teste 2'!B73 -> 10 | D73: =SUM(B73:C73)/2 -> 10 | E73: ='Lista 1'!B73 -> 1 | F73: ='Lista 2'!B73 -> 1 | G73: =SUM(E73:F73)*5 -> 10 | H73: ='Lista 1'!G73 -> 10 | I73: =10 -> 10 | J73: =SUM(H73:I73)/2 -> 10 | K73: ='Prova 1'!B73/10 -> 3.9 | L73: =_xlfn.FLOOR.MATH(10*((SUM(D73*0.2,G73*0.05,J73*0.05,K73)*(6/5))*(20/43) + (138/43)))/10 -> 7
A74: Sofia Cruz Guaranho | B74: ='Teste 1'!B74 -> 8 | C74: ='Teste 2'!B74 -> 6.5 | D74: =SUM(B74:C74)/2 -> 7.25 | E74: ='Lista 1'!B74 -> 1 | F74: ='Lista 2'!B74 -> 0 | G74: =SUM(E74:F74)*5 -> 5 | H74: ='Lista 1'!G74 -> 10 | I74: 0 | J74: =SUM(H74:I74)/2 -> 5 | K74: ='Prova 1'!B74/10 -> 0 | L74: =_xlfn.FLOOR.MATH(10*((SUM(D74*0.2,G74*0.05,J74*0.05,K74)*(6/5))*(20/43) + (138/43)))/10 -> 4.2
A75: THEO VEIGA DRUMOND AMBRÓSIO | B75: ='Teste 1'!B75 -> 10 | C75: ='Teste 2'!B75 -> 9 | D75: =SUM(B75:C75)/2 -> 9.5 | E75: ='Lista 1'!B75 -> 1 | F75: ='Lista 2'!B75 -> 1 | G75: =SUM(E75:F75)*5 -> 10 | H75: 10 | I75: =10 -> 10 | J75: =SUM(H75:I75)/2 -> 10 | K75: ='Prova 1'!B75/10 -> 6.4 | L75: =_xlfn.FLOOR.MATH(10*((SUM(D75*0.2,G75*0.05,J75*0.05,K75)*(6/5))*(20/43) + (138/43)))/10 -> 8.4
A76: THIERRY VENTURA MARCOLINO DA SILVA | B76: ='Teste 1'!B76 -> 8 | C76: ='Teste 2'!B76 -> 10 | D76: =SUM(B76:C76)/2 -> 9 | E76: ='Lista 1'!B76 -> 1 | F76: ='Lista 2'!B76 -> 1 | G76: =SUM(E76:F76)*5 -> 10 | H76: ='Lista 1'!G76 -> 10 | I76: =10 -> 10 | J76: =SUM(H76:I76)/2 -> 10 | K76: ='Prova 1'!B76/10 -> 2.7 | L76: =_xlfn.FLOOR.MATH(10*((SUM(D76*0.2,G76*0.05,J76*0.05,K76)*(6/5))*(20/43) + (138/43)))/10 -> 6.2
A77: TIAGO SÁNCHEZ RIBEIRO | B77: ='Teste 1'!B77 -> 10 | C77: ='Teste 2'!B77 -> 10 | D77: =SUM(B77:C77)/2 -> 10 | E77: ='Lista 1'!B77 -> 1 | F77: ='Lista 2'!B77 -> 1 | G77: =SUM(E77:F77)*5 -> 10 | H77: ='Lista 1'!G77 -> 10 | I77: =10 -> 10 | J77: =SUM(H77:I77)/2 -> 10 | K77: ='Prova 1'!B77/10 -> 7.5 | L77: =_xlfn.FLOOR.MATH(10*((SUM(D77*0.2,G77*0.05,J77*0.05,K77)*(6/5))*(20/43) + (138/43)))/10 -> 9
A78: VINÍCIUS FLESCH KERN | B78: ='Teste 1'!B78 -> 8 | C78: ='Teste 2'!B78 -> 7.5 | D78: =SUM(B78:C78)/2 -> 7.75 | E78: ='Lista 1'!B78 -> 1 | F78: ='Lista 2'!B78 -> 1 | G78: =SUM(E78:F78)*5 -> 10 | H78: ='Lista 1'!G78 -> 9 | I78: =10 -> 10 | J78: =SUM(H78:I78)/2 -> 9.5 | K78: ='Prova 1'!B78/10 -> 2.9 | L78: =_xlfn.FLOOR.MATH(10*((SUM(D78*0.2,G78*0.05,J78*0.05,K78)*(6/5))*(20/43) + (138/43)))/10 -> 6.2
A79: YASMIN DE BARROS DA SILVA | B79: ='Teste 1'!B79 -> 8.5 | C79: ='Teste 2'!B79 -> 10 | D79: =SUM(B79:C79)/2 -> 9.25 | E79: ='Lista 1'!B79 -> 1 | F79: ='Lista 2'!B79 -> 1 | G79: =SUM(E79:F79)*5 -> 10 | H79: ='Lista 1'!G79 -> 9 | I79: =10 -> 10 | J79: =SUM(H79:I79)/2 -> 9.5 | K79: ='Prova 1'!B79/10 -> 4.2 | L79: =_xlfn.FLOOR.MATH(10*((SUM(D79*0.2,G79*0.05,J79*0.05,K79)*(6/5))*(20/43) + (138/43)))/10 -> 7.1

Sheet Teste Extra 1
A1: Nome | B1: Nota
A2: ALAN DAVID SANTOS
A3: ALLAN YUKIO FURUHASHI MELO | B3: 0.1
A4: AMON CHALEGRE GOMES VANDERLEI
A5: ANDRÉ FELIPE FURRIEL OLIVEIRA | B5: 0
A6: ANIZIO SILVA CORREIA JÚNIOR
A7: ARTHUR BARBOSA PINHEIRO | B7: 0.05
A8: CARLOS EDUARDO MACHADO DOS SANTOS | B8: 0
A9: CARLOS EDUARDO ROCHA DE PAULA | B9: 0
A10: CRISTIANE MAGARINOS SAMPAIO | B10: 0.05
A11: DANIEL RODRIGUES SERQUEIRA | B11: 0
A12: DANIELA DE MENEZES MORAES | B12: 0.05
A13: DAVI BEZERRA LEAL GUIMARÃES | B13: 0.05
A14: DAVI PESTANA DE CAMPOS
A15: DULCE MARIA DE ALMEIDA COSTA | B15: 0.05
A16: EMILLY VITÓRIA LEITE REZENDE | B16: 0
A17: FELIPE BECKER FROHLICH | B17: 0
A18: FELIPE LERIA DE OLIVEIRA | B18: 0
A19: FELIPE LIMA DE SOUSA | B19: 0
A20: FELIPE RIBEIRO MENDONÇA | B20: 0
A21: GABRIEL COLATUSSO CASTRO DA CRUZ | B21: 0
A22: GABRIEL FALCÃO MARTINEZ | B22: 0
A23: GABRIEL KRAUSS DE SANTANA DIAS | B23: 0.1
A24: GABRIELA NAOMI ICHICAWA OGIDO | B24: 0.05
A25: GUILHERME OSÉIAS PEREIRA DA SILVA | B25: 0
A26: GUILHERME WILLEMEN PIMENTEL DE CASTRO
A27: HEITOR ALVES BRAZUNA | B27: 0.1
A28: HEITOR RAMOS PEREIRA | B28: 0.05
A29: Huann Vicente | B29: 0
A30: INGRID SILVA CARVALHO | B30: 0.05
A31: ITALO RENNAN DE ABREU SOUZA | B31: 0
A32: JONAS ARAUJO ALVES | B32: 0
A33: JOSÉ ARMANDO SILVA DUARTE | B33: 0.08
A34: JOSÉ RAFAEL FREITAS DE MELO | B34: 0
A35: JOSIETE MORAIS SANTOS SILVA
A36: JUAN MARTINS SANTOS | B36: 0
A37: JULIA QUIUQUI FONSECA | B37: 0.05
A38: KAUÃ MATTES REICHERT | B38: 0.1
A39: KAYKY LOPES TEIXEIRA MARTINS | B39: 0
A40: KENZO NAGAMINE | B40: 0.1
A41: LISANDRA MENEZES FAGUNDES | B41: 0
A42: LUANA FAGUNDES DE LIMA | B42: 0.03
A43: LUANA MOGNON DA SILVA | B43: 0
A44: LUCA SEIKI PEREIRA FUJII | B44: 0
A45: LUCAS CÚRI CORAZZA | B45: 0
A46: LUCAS DA SILVA OLIVEIRA | B46: 0
A47: LUCAS FRAGA DAMASCENO | B47: 0.1
... A63: MICAELE MAGALHÃES BRANDÃO VERAS | B63: 0.1
A64: NATÁLIA BRANDÃO DE SOUSA
A65: NATAN GABRIEL SPOHR | B65: 0.1
A66: NICOLE MARIA FERREIRA FREIRE | B66: 0.1
A67: PEDRO PAULO GOMES PAIVA | B67: 0.05
A68: RAFAEL AUGUSTO DE ALMEIDA | B68: 0
A69: RHUAN SOLER DE ALMEIDA
A70: RYAN CARVALHO PEREIRA DOS SANTOS | B70: 0
A71: RYAN KEVIN DA COSTA FELINTO | B71: 0.03
A72: SAMUEL BEZERRA DE HOLANDA LEITE | B72: 0.05
A73: SÉRGIO TEIXEIRA ROSA | B73: 0
A74: Sofia Cruz Guaranho | B74: 0
A75: THEO VEIGA DRUMOND AMBRÓSIO | B75: 0.05
A76: THIERRY VENTURA MARCOLINO DA SILVA | B76: 0
A77: TIAGO SÁNCHEZ RIBEIRO | B77: 0.05
A78: VINÍCIUS FLESCH KERN | B78: 0
A79: YASMIN DE BARROS DA SILVA | B79: 0.05

Sheet Teste Extra 2
A1: Nome | B1: Nota
A2: ALAN DAVID SANTOS
A3: ALLAN YUKIO FURUHASHI MELO | B3: 0.03
A4: AMON CHALEGRE GOMES VANDERLEI
A5: ANDRÉ FELIPE FURRIEL OLIVEIRA | B5: 0
A6: ANIZIO SILVA CORREIA JÚNIOR | B6: 0.1
A7: ARTHUR BARBOSA PINHEIRO | B7: 0.1
A8: CARLOS EDUARDO MACHADO DOS SANTOS | B8: 0
A9: CARLOS EDUARDO ROCHA DE PAULA | B9: 0
A10: CRISTIANE MAGARINOS SAMPAIO | B10: 0.03
A11: DANIEL RODRIGUES SERQUEIRA | B11: 0
A12: DANIELA DE MENEZES MORAES | B12: 0
A13: DAVI BEZERRA LEAL GUIMARÃES | B13: 0
A14: DAVI PESTANA DE CAMPOS
A15: DULCE MARIA DE ALMEIDA COSTA | B15: 0.03
A16: EMILLY VITÓRIA LEITE REZENDE | B16: 0
A17: FELIPE BECKER FROHLICH | B17: 0.1
A18: FELIPE LERIA DE OLIVEIRA | B18: 0.1
A19: FELIPE LIMA DE SOUSA | B19: 0
A20: FELIPE RIBEIRO MENDONÇA | B20: 0.02
A21: GABRIEL COLATUSSO CASTRO DA CRUZ | B21: 0.07
A22: GABRIEL FALCÃO MARTINEZ | B22: 0.1
A23: GABRIEL KRAUSS DE SANTANA DIAS | B23: 0
A24: GABRIELA NAOMI ICHICAWA OGIDO | B24: 0.01
A25: GUILHERME OSÉIAS PEREIRA DA SILVA | B25: 0
A26: GUILHERME WILLEMEN PIMENTEL DE CASTRO
A27: HEITOR ALVES BRAZUNA | B27: 0.12
A28: HEITOR RAMOS PEREIRA | B28: 0.04
A29: Huann Vicente | B29: 0
A30: INGRID SILVA CARVALHO | B30: 0
A31: ITALO RENNAN DE ABREU SOUZA | B31: 0.1
A32: JONAS ARAUJO ALVES | B32: 0
A33: JOSÉ ARMANDO SILVA DUARTE | B33: 0
A34: JOSÉ RAFAEL FREITAS DE MELO | B34: 0
A35: JOSIETE MORAIS SANTOS SILVA
A36: JUAN MARTINS SANTOS | B36: 0
A37: JULIA QUIUQUI FONSECA | B37: 0.11
A38: KAUÃ MATTES REICHERT | B38: 0.1
A39: KAYKY LOPES TEIXEIRA MARTINS | B39: 0.02
A40: KENZO NAGAMINE | B40: 0.08
A41: LISANDRA MENEZES FAGUNDES | B41: 0.2
A42: LUANA FAGUNDES DE LIMA | B42: 0.03
A43: LUANA MOGNON DA SILVA | B43: 0.1
A44: LUCA SEIKI PEREIRA FUJII | B44: 0.1
A45: LUCAS CÚRI CORAZZA | B45: 0.05
A46: LUCAS DA SILVA OLIVEIRA | B46: 0
A47: LUCAS FRAGA DAMASCENO | B47: 0.1
... A63: MICAELE MAGALHÃES BRANDÃO VERAS | B63: 0
A64: NATÁLIA BRANDÃO DE SOUSA
A65: NATAN GABRIEL SPOHR | B65: 0
A66: NICOLE MARIA FERREIRA FREIRE | B66: 0
A67: PEDRO PAULO GOMES PAIVA | B67: 0.1
A68: RAFAEL AUGUSTO DE ALMEIDA | B68: 0
A69: RHUAN SOLER DE ALMEIDA
A70: RYAN CARVALHO PEREIRA DOS SANTOS | B70: 0
A71: RYAN KEVIN DA COSTA FELINTO | B71: 0
A72: SAMUEL BEZERRA DE HOLANDA LEITE | B72: 0
A73: SÉRGIO TEIXEIRA ROSA | B73: 0.1
A74: Sofia Cruz Guaranho | B74: 0
A75: THEO VEIGA DRUMOND AMBRÓSIO | B75: 0.06
A76: THIERRY VENTURA MARCOLINO DA SILVA | B76: 0.1
A77: TIAGO SÁNCHEZ RIBEIRO | B77: 0.1
A78: VINÍCIUS FLESCH KERN | B78: 0
A79: YASMIN DE BARROS DA SILVA | B79: 0.05
